date,IPG3344S,USINFO,PAYEMS,chip_yoy,software_emp_yoy,payems_yoy
1972-01-01,0.029,2019,72441,,,
1972-02-01,0.0286,2025,72648,,,
1972-03-01,0.0286,2035,72944,,,
1972-04-01,0.029,2040,73162,,,
1972-05-01,0.0291,2046,73469,,,
1972-06-01,0.0288,2054,73758,,,
1972-07-01,0.0298,2051,73709,,,
1972-08-01,0.03,2061,74141,,,
1972-09-01,0.0309,2066,74264,,,
1972-10-01,0.0319,2078,74674,,,
1972-11-01,0.0334,2088,74973,,,
1972-12-01,0.0356,2096,75268,,,
1973-01-01,0.0356,2100,75617,22.758620689655174,4.011887072808329,4.384257533717095
1973-02-01,0.037,2111,76014,29.370629370629352,4.246913580246914,4.633300297324072
1973-03-01,0.0377,2118,76284,31.818181818181813,4.078624078624071,4.578855012064054
1973-04-01,0.0382,2125,76455,31.72413793103448,4.166666666666674,4.5009704491402625
1973-05-01,0.0385,2128,76648,32.302405498281786,4.007820136852391,4.3269950591405815
1973-06-01,0.0413,2131,76887,43.40277777777779,3.748782862706923,4.242251687952492
1973-07-01,0.0387,2133,76913,29.86577181208052,3.998049731838127,4.346823318726334
1973-08-01,0.041,2141,77168,36.66666666666667,3.881610868510421,4.082761225233011
1973-09-01,0.0412,2145,77276,33.33333333333333,3.8238141335914744,4.0558009264246575
1973-10-01,0.0429,2155,77607,34.48275862068966,3.705486044273343,3.9277392398960886
1973-11-01,0.044,2160,77920,31.73652694610778,3.4482758620689724,3.930748402758333
1973-12-01,0.0445,2160,78031,25.0,3.053435114503822,3.6708827124408705
1974-01-01,0.0446,2167,78100,25.2808988764045,3.190476190476188,3.283653146779164
1974-02-01,0.0452,2167,78254,22.162162162162158,2.6527711984841273,2.946825584760693
1974-03-01,0.045,2165,78296,19.363395225464195,2.219074598678006,2.6375124534633754
1974-04-01,0.0443,2166,78382,15.96858638743457,1.9294117647058906,2.5204368582826486
1974-05-01,0.0434,2169,78549,12.727272727272743,1.9266917293233154,2.4801690846466995
1974-06-01,0.0432,2171,78604,4.600484261501214,1.8770530267480101,2.233147346105313
1974-07-01,0.042,2173,78636,8.527131782945752,1.87529301453353,2.240193465343965
1974-08-01,0.0402,2167,78619,-1.9512195121951237,1.214385801027551,1.8803130831432702
1974-09-01,0.0406,2159,78610,-1.456310679611661,0.6526806526806483,1.7262798281484582
1974-10-01,0.0399,2155,78630,-6.9930069930070005,0.0,1.3181800610769567
1974-11-01,0.0366,2143,78265,-16.81818181818181,-0.7870370370370416,0.44276180698152867
1974-12-01,0.035,2118,77652,-21.34831460674156,-1.9444444444444486,-0.4857043995335153
1975-01-01,0.0343,2095,77293,-23.094170403587455,-3.3225657591139823,-1.033290653008967
1975-02-01,0.0319,2073,76918,-29.424778761061944,-4.3377941855099245,-1.7072609706852093
1975-03-01,0.0319,2059,76648,-29.11111111111111,-4.896073903002307,-2.1048329416572975
1975-04-01,0.031,2053,76460,-30.02257336343115,-5.216989843028619,-2.4520935929167376
1975-05-01,0.0321,2051,76624,-26.036866359447018,-5.440295066851086,-2.4506995633298945
1975-06-01,0.0317,2045,76521,-26.620370370370374,-5.803777061262094,-2.6499923668006686
1975-07-01,0.0335,2047,76770,-20.238095238095234,-5.798435342844,-2.372958950099191
1975-08-01,0.0343,2054,77153,-14.67661691542289,-5.214582371942777,-1.8646891972678326
1975-09-01,0.0353,2055,77228,-13.054187192118228,-4.817044928207503,-1.758046050120854
1975-10-01,0.0358,2061,77540,-10.275689223057638,-4.361948955916473,-1.3862393488490388
1975-11-01,0.0362,2067,77685,-1.092896174863378,-3.546430237984133,-0.7410719989778269
1975-12-01,0.0377,2065,78017,7.714285714285696,-2.5023607176581697,0.4700458455674017
1976-01-01,0.0381,2083,78503,11.0787172011662,-0.5727923627684928,1.5654716468503027
1976-02-01,0.038,2093,78816,19.122257053291534,0.9647853352628966,2.4675628591487087
1976-03-01,0.0388,2100,79048,21.630094043887162,1.9912578921806645,3.131197161047905
1976-04-01,0.0403,2106,79292,30.000000000000004,2.5815879201169123,3.703897462725614
1976-05-01,0.0425,2106,79312,32.398753894081025,2.6816187225743526,3.508039256629769
1976-06-01,0.0427,2111,79376,34.700315457413254,3.2273838630806795,3.7310019471779032
1976-07-01,0.0434,2115,79547,29.552238805970156,3.321934538348814,3.617298423863491
1976-08-01,0.0449,2118,79704,30.903790087463577,3.1158714703018564,3.306417119230609
1976-09-01,0.0465,2123,79892,31.728045325779043,3.3090024330900247,3.449526078624343
1976-10-01,0.0475,2119,79911,32.68156424581006,2.8141678796700598,3.0577766314160426
1976-11-01,0.0481,2129,80240,32.87292817679557,2.9995162070633796,3.288923215549988
1976-12-01,0.0484,2136,80448,28.3819628647215,3.438256658595651,3.1159875411769233
1977-01-01,0.049,2145,80690,28.608923884514436,2.9764762361977892,2.785880794364548
1977-02-01,0.0515,2151,80988,35.52631578947367,2.771141901576679,2.755785627283802
1977-03-01,0.0512,2157,81391,31.958762886597935,2.7142857142857135,2.964021860135624
1977-04-01,0.0523,2166,81728,29.776674937965254,2.8490028490028463,3.072188871512882
1977-05-01,0.053,2177,82088,24.705882352941156,3.3713200379867025,3.500100867460154
1977-06-01,0.0551,2185,82488,29.039812646370034,3.5054476551397373,3.920580528119322
1977-07-01,0.0546,2192,82834,25.806451612903224,3.640661938534273,4.132148289690374
1977-08-01,0.0567,2196,83075,26.280623608017816,3.682719546742219,4.22939877546924
1977-09-01,0.0572,2205,83532,23.010752688172055,3.862458784738587,4.556150803584846
1977-10-01,0.0571,2208,83800,20.21052631578948,4.20009438414346,4.866664163882328
1977-11-01,0.0586,2218,84173,21.829521829521823,4.180366369187416,4.901545363908277
1977-12-01,0.0583,2227,84410,20.45454545454546,4.260299625468167,4.924920445505165
1978-01-01,0.0575,2234,84594,17.34693877551021,4.149184149184149,4.8382699219234215
1978-02-01,0.0578,2244,84948,12.233009708737864,4.323570432357049,4.889613276040894
1978-03-01,0.0606,2255,85460,18.359375,4.543347241539175,4.9993242496099155
1978-04-01,0.0605,2268,86162,15.67877629063097,4.709141274238227,5.425313234142526
1978-05-01,0.0613,2277,86509,15.660377358490575,4.59347726228756,5.385683656563689
1978-06-01,0.063,2291,86950,14.337568058076222,4.851258581235696,5.409271651634184
1978-07-01,0.0632,2285,87204,15.750915750915762,4.242700729927007,5.2756114638916385
1978-08-01,0.0649,2296,87483,14.462081128747784,4.553734061930781,5.3060487511285
1978-09-01,0.0657,2301,87621,14.860139860139853,4.35374149659864,4.895130010056037
1978-10-01,0.0673,2316,87956,17.86339754816113,4.891304347826098,4.959427207637224
1978-11-01,0.069,2332,88391,17.74744027303756,5.139765554553644,5.0111080750359305
1978-12-01,0.0701,2341,88671,20.240137221269293,5.118994162550505,5.0479800971448885
1979-01-01,0.0715,2347,88808,24.347826086956516,5.058191584601612,4.981440764120393
1979-02-01,0.0736,2355,89055,27.3356401384083,4.946524064171132,4.834722418420689
1979-03-01,0.0742,2363,89479,22.442244224422446,4.789356984478932,4.702784928621573
1979-04-01,0.0723,2344,89417,19.50413223140497,3.3509700176366897,3.777767461293835
1979-05-01,0.0747,2372,89789,21.859706362153354,4.1721563460694,3.791513021766524
1979-06-01,0.0778,2391,90108,23.492063492063476,4.364906154517678,3.63197239792985
1979-07-01,0.0766,2386,90217,21.2025316455696,4.420131291028451,3.45511673776433
1979-08-01,0.0786,2385,90300,21.10939907550078,3.876306620209058,3.220054181955345
1979-09-01,0.0799,2386,90327,21.61339421613395,3.6940460669274255,3.0883007498202497
1979-10-01,0.0822,2389,90481,22.13967310549776,3.1519861830742624,2.870753558597472
1979-11-01,0.085,2391,90573,23.188405797101442,2.530017152658659,2.46857711757984
1979-12-01,0.0874,2392,90672,24.679029957204012,2.1785561725758296,2.256656629563225
1980-01-01,0.089,2391,90800,24.47552447552448,1.8747337025990518,2.2430411674623896
1980-02-01,0.0897,2389,90883,21.875,1.4437367303609339,2.0526640839930277
1980-03-01,0.0894,2390,90994,20.485175202156313,1.1426153195090993,1.6931347019971232
1980-04-01,0.0906,2377,90849,25.311203319502074,1.4078498293515374,1.601485176196915
1980-05-01,0.089,2365,90420,19.14323962516733,-0.295109612141653,0.70275868981724
1980-06-01,0.0861,2351,90101,10.668380462724937,-1.672940192388117,-0.007768455631018689
1980-07-01,0.0847,2339,89840,10.574412532637067,-1.9698239731768652,-0.41788133056962495
1980-08-01,0.0855,2323,90099,8.778625954198471,-2.599580712788263,-0.22259136212624542
1980-09-01,0.0857,2325,90213,7.259073842302888,-2.5565800502933778,-0.12620811053173364
1980-10-01,0.0872,2354,90490,6.082725060827254,-1.4650481372959434,0.00994683966799581
1980-11-01,0.0881,2359,90747,3.6470588235294032,-1.3383521539104937,0.19211023152594375
1980-12-01,0.09,2364,90943,2.9748283752860205,-1.170568561872909,0.29887947767779366
1981-01-01,0.0903,2372,91033,1.4606741573033766,-0.7946465913843626,0.2566079295154289
1981-02-01,0.0909,2373,91105,1.3377926421404673,-0.6697362913352878,0.2442701055202834
1981-03-01,0.0912,2377,91210,2.0134228187919545,-0.5439330543933085,0.2373782886783804
1981-04-01,0.0931,2382,91283,2.759381898454749,0.21034917963820288,0.4777157701240542
1981-05-01,0.0939,2385,91296,5.505617977528088,0.8456659619450413,0.9688122096881191
1981-06-01,0.0952,2389,91490,10.569105691056935,1.6163334751169822,1.541603311838946
1981-07-01,0.0942,2392,91601,11.216056670602125,2.265925609234709,1.9601513802315118
1981-08-01,0.0987,2392,91565,15.43859649122805,2.970297029702973,1.6270990799009954
1981-09-01,0.1015,2390,91477,18.436406067677957,2.7956989247311936,1.4011284404686686
1981-10-01,0.1028,2385,91380,17.889908256880727,1.3169073916737384,0.9835340921648728
1981-11-01,0.1026,2379,91171,16.45856980703746,0.847816871555751,0.46723307657552393
1981-12-01,0.1035,2367,90895,14.999999999999991,0.12690355329949554,-0.052780312943268015
1982-01-01,0.1018,2360,90565,12.735326688815052,-0.5059021922428353,-0.5140992826777158
1982-02-01,0.1069,2355,90563,17.6017601760176,-0.7585335018963302,-0.5949179518138448
1982-03-01,0.1061,2348,90434,16.337719298245613,-1.2200252419015567,-0.8507839052735444
1982-04-01,0.1069,2336,90150,14.822771213748641,-1.9311502938706981,-1.2411949651085052
1982-05-01,0.1081,2334,90107,15.122470713525038,-2.1383647798742134,-1.302357167893442
1982-06-01,0.1106,2324,89865,16.176470588235283,-2.7208036835495997,-1.7761503989507044
1982-07-01,0.1108,2314,89521,17.622080679405517,-3.2608695652173947,-2.270717568585501
1982-08-01,0.1105,2304,89363,11.955420466058776,-3.678929765886285,-2.4048490143613876
1982-09-01,0.11,2295,89183,8.374384236453203,-3.974895397489542,-2.5077341845491263
1982-10-01,0.1088,2285,88907,5.836575875486383,-4.192872117400414,-2.706281462026705
1982-11-01,0.1091,2279,88786,6.335282651072127,-4.20344682639765,-2.6159634094174655
1982-12-01,0.1097,2276,88771,5.990338164251208,-3.8445289395859783,-2.336762198140707
1983-01-01,0.1123,2272,88990,10.314341846758346,-3.7288135593220306,-1.7390824269861382
1983-02-01,0.1122,2269,88917,4.957904583723116,-3.6518046709129504,-1.8175192959597242
1983-03-01,0.1149,2274,89090,8.294062205466535,-3.151618398637135,-1.486166707211889
1983-04-01,0.1166,2282,89364,9.073900841908333,-2.3116438356164393,-0.8718801996672187
1983-05-01,0.1197,2288,89644,10.730804810360773,-1.9708654670094305,-0.5138335534420224
1983-06-01,0.1224,2294,90021,10.669077757685352,-1.2908777969018903,0.17359372391920758
1983-07-01,0.1276,2303,90437,15.162454873646203,-0.4753673292999139,1.023223601166201
1983-08-01,0.1264,1717,90129,14.389140271493229,-25.477430555555557,0.8571780267000895
1983-09-01,0.1322,2323,91247,20.18181818181819,1.2200435729847525,2.3143424195194218
1983-10-01,0.1352,2331,91520,24.264705882352942,2.013129102844635,2.9390261734171697
1983-11-01,0.1382,2337,91875,26.672777268560942,2.544975866608157,3.4791521185772556
1983-12-01,0.1395,2341,92230,27.164995442114858,2.85588752196837,3.8965427898750793
1984-01-01,0.1458,2359,92673,29.830810329474634,3.829225352112675,4.138667265984952
1984-02-01,0.1501,2368,93157,33.77896613190732,4.3631555751432405,4.768491964416244
1984-03-01,0.1535,2378,93429,33.594429939077465,4.573438874230429,4.870355819957339
1984-04-01,0.1581,2384,93792,35.59176672384219,4.469763365468893,4.955015442460042
1984-05-01,0.1608,2392,94098,34.33583959899749,4.545454545454541,4.9685422337245155
1984-06-01,0.165,2401,94479,34.80392156862746,4.664341761115964,4.95217782517412
1984-07-01,0.1693,2406,94789,32.68025078369907,4.472427268779855,4.812189701117897
1984-08-01,0.1725,2411,95032,36.47151898734175,40.41933605125219,5.439980472433947
1984-09-01,0.1729,2412,95344,30.786686838124044,3.831252690486431,4.490010630486485
1984-10-01,0.1756,2418,95629,29.881656804733737,3.7323037323037322,4.489729020979016
1984-11-01,0.1769,2421,95982,28.002894356005804,3.594351732991008,4.470204081632656
1984-12-01,0.1755,2424,96107,25.806451612903203,3.5454933788979126,4.203621381329281
1985-01-01,0.1789,2429,96372,22.702331961591216,2.9673590504450953,3.9914538215014117
1985-02-01,0.1752,2430,96503,16.722185209860086,2.6182432432432456,3.591785909808176
1985-03-01,0.1736,2423,96842,13.094462540716624,1.8923465096719827,3.6530413469051393
1985-04-01,0.167,2432,97038,5.629348513598997,2.0134228187919545,3.460849539406352
1985-05-01,0.1694,2434,97312,5.348258706467668,1.755852842809369,3.4155880039958397
1985-06-01,0.1694,2437,97459,2.6666666666666616,1.499375260308211,3.154140073455469
1985-07-01,0.1621,2438,97648,-4.252805670407566,1.3300083125519446,3.016172762662328
1985-08-01,0.1616,2437,97840,-6.318840579710139,1.0783907092492662,2.954794174593811
1985-09-01,0.1585,2440,98045,-8.328513591671483,1.1608623548922115,2.8328998154052654
1985-10-01,0.1578,2444,98233,-10.1366742596811,1.0752688172043001,2.7230233506572166
1985-11-01,0.1587,2448,98443,-10.288298473713963,1.1152416356877248,2.564022420870571
1985-12-01,0.1607,2449,98609,-8.433048433048418,1.0313531353135286,2.60334835131677
1986-01-01,0.1618,2450,98732,-9.558412520961435,0.8645533141210304,2.448844062590805
1986-02-01,0.1636,2450,98847,-6.6210045662100425,0.8230452674897082,2.4289400329523536
1986-03-01,0.1649,2449,98934,-5.011520737327202,1.0730499380932734,2.1602197393692846
1986-04-01,0.1681,2450,99121,0.658682634730523,0.7401315789473673,2.1465817514787933
1986-05-01,0.1678,2451,99248,-0.9445100354191216,0.698438783894817,1.9894771456757665
1986-06-01,0.1641,2365,99155,-3.1286894923258535,-2.9544521953221214,1.7402189638719978
1986-07-01,0.1741,2453,99473,7.4028377544725465,0.6152584085315826,1.868957889562517
1986-08-01,0.1784,2420,99588,10.396039603960405,-0.6975789905621643,1.7865903515944304
1986-09-01,0.1823,2458,99934,15.015772870662447,0.7377049180327777,1.9266663266867212
1986-10-01,0.1836,2452,100121,16.349809885931577,0.3273322422258529,1.9219610517850372
1986-11-01,0.1879,2465,100308,18.39949590422181,0.694444444444442,1.8944973233241624
1986-12-01,0.1937,2468,100509,20.535158680771627,0.7758268681094416,1.9268018132219122
1987-01-01,0.198,2472,100678,22.373300370828186,0.8979591836734802,1.970992180853215
1987-02-01,0.2014,2477,100919,23.105134474327627,1.1020408163265216,2.096168826570355
1987-03-01,0.2032,2484,101164,23.22619769557308,1.4291547570436824,2.254027937817127
1987-04-01,0.2059,2492,101499,22.486615110053542,1.7142857142857126,2.3990879833738488
1987-05-01,0.2118,2496,101728,26.221692491060764,1.8359853121175052,2.498790907625348
1987-06-01,0.2154,2501,101900,31.26142595978063,5.750528541226219,2.7683929201754776
1987-07-01,0.2213,2508,102247,27.11085582998276,2.2421524663677195,2.7886964301870876
1987-08-01,0.2231,2516,102420,25.056053811659183,3.966942148760322,2.84371611037475
1987-09-01,0.2272,2526,102647,24.629731212287442,2.766476810414975,2.7147917625632845
1987-10-01,0.2315,2533,103138,26.089324618736388,3.303425774877655,3.0133538418513517
1987-11-01,0.2317,2538,103372,23.310271420968597,2.9614604462474547,3.054591857080191
1987-12-01,0.2353,2543,103661,21.476510067114084,3.038897893030801,3.136037568774941
1988-01-01,0.2351,2549,103753,18.73737373737374,3.114886731391575,3.054291900911821
1988-02-01,0.2358,2555,104214,17.080436941410127,3.148970528865558,3.2649946987187706
1988-03-01,0.2353,2563,104489,15.797244094488194,3.180354267310781,3.2867423194021583
1988-04-01,0.2367,2568,104732,14.958717824186497,3.049759229534521,3.1852530566803594
1988-05-01,0.2394,2575,104962,13.031161473087828,3.165064102564097,3.1790657439446424
1988-06-01,0.2425,2583,105326,12.581244196843077,3.2786885245901676,3.3621197252208024
1988-07-01,0.2452,2585,105550,10.799819249887044,3.0701754385964897,3.230412628243373
1988-08-01,0.2482,2592,105674,11.250560286866884,3.0206677265500748,3.177113844952162
1988-09-01,0.2499,2601,106013,9.991197183098599,2.9691211401425166,3.2791995869338564
1988-10-01,0.2519,2609,106276,8.812095032397416,3.0003947887879967,3.042525548294517
1988-11-01,0.2558,2616,106617,10.401381096245155,3.0732860520094496,3.1391479317416815
1988-12-01,0.2588,2626,106898,9.987250318742014,3.263861580810068,3.1226787316348537
1989-01-01,0.2563,2620,107161,9.017439387494663,2.7854060415849258,3.2847242971287605
1989-02-01,0.2545,2627,107427,7.93044953350297,2.818003913894329,3.0830790488801885
1989-03-01,0.2528,2629,107621,7.437314067148337,2.5751072961373467,2.997444707098351
1989-04-01,0.2576,2637,107791,8.829742289818343,2.6869158878504606,2.920788297750443
1989-05-01,0.2579,2643,107913,7.727652464494583,2.640776699029135,2.811493683428279
1989-06-01,0.2624,2646,108027,8.206185567010316,2.4390243902439046,2.5644190418320223
1989-07-01,0.2634,2639,108069,7.4225122349102834,2.088974854932313,2.3865466603505414
1989-08-01,0.2698,2498,108120,8.702659145850111,-3.6265432098765427,2.314665859151721
1989-09-01,0.2728,2610,108369,9.163665466186455,0.34602076124568004,2.2223689547508307
1989-10-01,0.2772,2616,108476,10.043668122270732,0.268302031429668,2.0700816741314965
1989-11-01,0.2786,2620,108752,8.91321344800624,0.1529051987767538,2.0024949116932644
1989-12-01,0.2807,2682,108836,8.462132921174659,2.1325209444021276,1.8129431794795092
1990-01-01,0.2833,2671,109196,10.534529847834584,1.9465648854961826,1.8990117673407303
1990-02-01,0.2874,2676,109436,12.927308447937126,1.865245527217363,1.8701071425246907
1990-03-01,0.2914,2680,109640,15.268987341772133,1.939901103081021,1.8760279127679524
1990-04-01,0.293,2684,109674,13.742236024844722,1.7823284034888198,1.7468990917609117
1990-05-01,0.2931,2689,109828,13.648701046917422,1.7404464623533844,1.7745776690482051
1990-06-01,0.2952,2694,109850,12.5,1.8140589569161092,1.687541077693533
1990-07-01,0.2948,2697,109815,11.921032649962026,2.19780219780219,1.615634455764381
1990-08-01,0.2966,2696,109607,9.933283914010381,7.926341072858278,1.3753237143914188
1990-09-01,0.3014,2693,109522,10.483870967741948,3.1800766283524906,1.0639574047928813
1990-10-01,0.3024,2694,109377,9.090909090909083,2.9816513761467878,0.8305984733950389
1990-11-01,0.3063,2690,109222,9.942569992821259,2.6717557251908497,0.4321759599823505
1990-12-01,0.3082,2692,109168,9.796936230851427,0.37285607755406236,0.3050461244441083
1991-01-01,0.3119,2697,109058,10.09530533003884,0.9734181954324184,-0.12637825561375715
1991-02-01,0.3183,2693,108735,10.751565762004178,0.6352765321375298,-0.6405570379034331
1991-03-01,0.3217,2689,108568,10.398078242964992,0.33582089552239847,-0.9777453484129839
1991-04-01,0.3239,2689,108350,10.546075085324237,0.18628912071534387,-1.2072141072633435
1991-05-01,0.3307,2684,108253,12.828386216308418,-0.18594272963926572,-1.4340605310121268
1991-06-01,0.3287,2680,108330,11.34823848238482,-0.5196733481811378,-1.3837050523441086
1991-07-01,0.3341,2677,108290,13.331071913161473,-0.7415647015202032,-1.3886991758867206
1991-08-01,0.3373,2671,108300,13.72218476062037,-0.927299703264095,-1.1924420885527365
1991-09-01,0.336,2670,108335,11.479761114797626,-0.8540660972892633,-1.0838005149650276
1991-10-01,0.3401,2667,108361,12.46693121693121,-1.0022271714922093,-0.9288973001636558
1991-11-01,0.3426,2656,108300,11.8511263467189,-1.263940520446094,-0.8441522770137877
1991-12-01,0.3485,2656,108330,13.075924724205068,-1.3372956909361022,-0.7676242122233612
1992-01-01,0.3592,2638,108365,15.16511702468739,-2.187615869484616,-0.6354416915769545
1992-02-01,0.3629,2640,108312,14.011938422871495,-1.9680653546230942,-0.3890191750586247
1992-03-01,0.3675,2642,108367,14.236866645943437,-1.747861658609151,-0.18513742539237876
1992-04-01,0.3725,2639,108516,15.004631058968808,-1.8594272963927128,0.1532071988924688
1992-05-01,0.3777,2638,108646,14.21227698820684,-1.713859910581217,0.3630384377338203
1992-06-01,0.3903,2638,108706,18.740492850623667,-1.5671641791044744,0.3470876026954617
1992-07-01,0.3998,2637,108793,19.66477102663873,-1.4942099364960826,0.46449348970356574
1992-08-01,0.4037,2635,108916,19.685739697598592,-1.3478098090602741,0.568790397045249
1992-09-01,0.4115,2638,108951,22.47023809523807,-1.1985018726591745,0.5686066368209675
1992-10-01,0.4232,2645,109139,24.43399000294031,-0.824896887889015,0.7179704875370341
1992-11-01,0.4323,2650,109283,26.182136602451834,-0.22590361445783413,0.9076638965835659
1992-12-01,0.4328,2654,109502,24.189383070301297,-0.07530120481927804,1.0818794424443778
1993-01-01,0.4288,2655,109790,19.376391982182618,0.6444275966641433,1.3150002307017905
1993-02-01,0.4334,2656,110047,19.4268393496831,0.60606060606061,1.601853903537931
1993-03-01,0.4375,2651,110004,19.047619047619047,0.3406510219530645,1.5106074727546215
1993-04-01,0.4391,2658,110300,17.879194630872487,0.719969685486932,1.643997198569802
1993-05-01,0.444,2661,110571,17.553613979348693,0.871872630780901,1.7718093625167963
1993-06-01,0.4523,2666,110742,15.885216500128108,1.0614101592115288,1.8729416959505363
1993-07-01,0.4545,2667,111054,13.681840920460232,1.1376564277588264,2.0782587114979822
1993-08-01,0.4599,2674,111200,13.921228635125082,1.4800759013282816,2.097028903007825
1993-09-01,0.4631,2674,111448,12.53948967193197,1.3646702047005244,2.291855971950696
1993-10-01,0.4668,2677,111734,10.302457466918714,1.209829867674861,2.3777018297767016
1993-11-01,0.4708,2683,111987,8.905852417302796,1.2452830188679265,2.4743098194595747
1993-12-01,0.483,2691,112325,11.598890942698702,1.394122079879434,2.5780351043816596
1994-01-01,0.4985,2700,112601,16.254664179104484,1.6949152542372836,2.5603424719919943
1994-02-01,0.5062,2708,112782,16.797415782187343,1.957831325301207,2.485301734713352
1994-03-01,0.5273,2713,113245,20.52571428571428,2.3387400980761974,2.9462564997636553
1994-04-01,0.5528,2722,113589,25.893873832839898,2.407825432656141,2.9818676337262096
1994-05-01,0.5692,2726,113922,28.1981981981982,2.4426907177752755,3.03063190167403
1994-06-01,0.578,2731,114239,27.79128896749945,2.4381095273818376,3.157790178974551
1994-07-01,0.5934,2735,114608,30.561056105610575,2.5496812898387677,3.200244925891904
1994-08-01,0.61,2751,114902,32.63752989780389,2.8795811518324665,3.3291366906474718
1994-09-01,0.631,2752,115246,36.25566832217664,2.916978309648477,3.407867346206306
1994-10-01,0.6515,2765,115457,39.56726649528706,3.2872618602913795,3.332020692000648
1994-11-01,0.6711,2776,115867,42.544604927782515,3.466269101751762,3.4646878655558266
1994-12-01,0.696,2789,116174,44.09937888198758,3.641768859160166,3.426663699087462
1995-01-01,0.7128,2785,116505,42.98896690070211,3.1481481481481444,3.4671095283345554
1995-02-01,0.7332,2814,116694,44.84393520347689,3.9143279172821233,3.468638612544561
1995-03-01,0.7641,2823,116908,44.908021998862125,4.054552156284563,3.234579893152012
1995-04-01,0.786,2833,117066,42.185238784370505,4.077883908890523,3.061035839738002
1995-05-01,0.8132,2834,117046,42.867182009838366,3.9618488628026416,2.742227137866249
1995-06-01,0.8325,2837,117291,44.031141868512115,3.8813621384108377,2.671592013235413
1995-07-01,0.8408,2849,117382,41.69194472531175,4.168190127970739,2.420424403183019
1995-08-01,0.8831,2851,117646,44.7704918032787,3.635041802980732,2.388122051835473
1995-09-01,0.9276,2864,117873,47.00475435816165,4.069767441860472,2.279471738715433
1995-10-01,0.9531,2873,118026,46.293169608595555,3.9059674502712527,2.2250708055812973
1995-11-01,0.9781,2880,118165,45.74579049322007,3.746397694524495,1.9833084484797148
1995-12-01,1.0278,2884,118325,47.67241379310347,3.4062387952671136,1.85153304525969
1996-01-01,1.0786,2888,118317,51.318742985409656,3.6983842010771983,1.555298055877441
1996-02-01,1.1394,2892,118738,55.40098199672667,2.771855010660973,1.751589627572958
1996-03-01,1.1712,2903,118992,53.27836670592853,2.8338646829613845,1.7825982824100972
1996-04-01,1.1973,2910,119158,52.32824427480915,2.717966819625839,1.787026122016644
1996-05-01,1.2357,2920,119497,51.95523856369897,3.034580098800288,2.0940484937545856
1996-06-01,1.2657,2932,119770,52.03603603603604,3.3486076841734214,2.1135466489329957
1996-07-01,1.3083,2945,120019,55.60180780209325,3.369603369603369,2.2465113901620315
1996-08-01,1.3579,2957,120198,53.76514551013476,3.7179936864258245,2.169219522975707
1996-09-01,1.4113,2969,120400,52.145321259163445,3.666201117318435,2.143832769166809
1996-10-01,1.4788,2977,120665,55.15685657328717,3.619909502262453,2.2359480114551022
1996-11-01,1.5209,2990,120947,55.4953481239137,3.819444444444442,2.354335039986455
1996-12-01,1.5532,2997,121143,51.118894726600494,3.9181692094313547,2.3815761673357194
1997-01-01,1.5955,3009,121356,47.923233821620606,4.189750692520766,2.568523542686174
1997-02-01,1.6798,3025,121673,47.42847112515358,4.598893499308443,2.4718287321666255
1997-03-01,1.747,3044,121991,49.16325136612023,4.857044436789537,2.5203375016807916
1997-04-01,1.7981,3056,122289,50.17957070074335,5.017182130584197,2.6276036858624785
1997-05-01,1.8763,3071,122560,51.84106174637857,5.171232876712328,2.563244265546416
1997-06-01,1.9274,3087,122816,52.279371098996606,5.286493860845831,2.5432078149786985
1997-07-01,1.9704,3093,123114,50.607658793854604,5.025466893039043,2.5787583632591593
1997-08-01,2.0717,3103,123087,52.56646292068634,4.937436591139677,2.4035341686217793
1997-09-01,2.1723,3108,123575,53.92191596400482,4.681711013809364,2.6370431893687707
1997-10-01,2.2375,3123,123924,51.305112253178244,4.904266039637228,2.7008660340612334
1997-11-01,2.3128,3132,124225,52.06785455980014,4.749163879598672,2.710278055677273
1997-12-01,2.3681,3146,124549,52.46587689930469,4.971638304971648,2.811553288262636
1998-01-01,2.4334,3155,124806,52.516452522720144,4.852110335659687,2.842875506773468
1998-02-01,2.4396,3169,125017,45.231575187522324,4.760330578512395,2.748350085885942
1998-03-01,2.4932,3177,125165,42.713222667429875,4.369250985545325,2.6018312826356027
1998-04-01,2.5916,3193,125445,44.12991491018297,4.482984293193715,2.5807717783283834
1998-05-01,2.6278,3203,125845,40.0522304535522,4.2982741777922495,2.680319843342027
1998-06-01,2.7404,3209,126076,42.18117671474526,3.952057013281496,2.654377279833242
1998-07-01,2.8884,3227,126212,46.58952496954933,4.332363401228578,2.5163669444579817
1998-08-01,3.0318,3230,126546,46.34358256504321,4.092813406380924,2.8102074142679623
1998-09-01,3.2134,3241,126744,47.92616121161903,4.279279279279269,2.5644345539146185
1998-10-01,3.3835,3258,126949,51.217877094972096,4.3227665706051965,2.441012233304285
1998-11-01,3.5101,3271,127222,51.7684192320996,4.438058748403573,2.412557858724096
1998-12-01,3.6676,3288,127595,54.87521641822559,4.51366815003178,2.44562381070903
1999-01-01,3.8312,3303,127699,57.44226185583958,4.690966719492873,2.317997532169924
1999-02-01,4.0388,3330,128117,65.55172979176915,5.080467024297897,2.4796627658638437
1999-03-01,4.2019,3336,128234,68.53441360500562,5.004721435316339,2.45196340830105
1999-04-01,4.3865,3357,128595,69.25837320574162,5.136235515189469,2.5110606241779188
1999-05-01,4.5252,3391,128813,72.20488621660704,5.869497346237895,2.358456831816924
1999-06-01,4.7196,3405,129084,72.22303313384906,6.107821751324405,2.3858624956375474
1999-07-01,5.0164,3427,129422,73.67400637030883,6.197706848466078,2.543339777517195
1999-08-01,4.9717,3451,129572,63.98509136486577,6.842105263157894,2.3912253251781923
1999-09-01,4.9603,3476,129771,54.3629800211614,7.250848503548291,2.3882787350880452
1999-10-01,5.1056,3497,130178,50.89700014777596,7.335788827501544,2.5435411070587444
1999-11-01,5.3139,3515,130466,51.38884932053218,7.459492509935806,2.5498734495606135
1999-12-01,5.4565,3532,130783,48.77576616861161,7.420924574209242,2.4985305066812957
2000-01-01,5.6204,3552,131011,46.7007726038839,7.538601271571288,2.593599010172354
2000-02-01,5.7762,3570,131120,43.0177280380311,7.2072072072072,2.343951232076935
2000-03-01,6.0549,3591,131604,44.09909802708298,7.643884892086339,2.6280081725595483
2000-04-01,6.3692,3609,131884,45.20004559443749,7.506702412868638,2.557642210039268
2000-05-01,6.6909,3615,132105,47.85865818085389,6.605721026245948,2.5556426758168715
2000-06-01,6.9542,3642,132063,47.347232816340366,6.96035242290749,2.307799572371483
2000-07-01,7.3065,3658,132228,45.65226058528027,6.740589436825206,2.1681012501738595
2000-08-01,7.4126,3584,132234,49.09588269605969,3.8539553752535483,2.0544562096749264
2000-09-01,7.5405,3676,132337,52.017015099893136,5.753739930955115,1.9773292954512245
2000-10-01,7.6973,3676,132352,50.761908492635555,5.118673148412922,1.670021048103365
2000-11-01,8.0352,3685,132556,51.21097499012024,4.836415362731161,1.6019499333159493
2000-12-01,8.2806,3707,132716,51.756620544304944,4.954699886749725,1.478020843687644
2001-01-01,8.1569,3711,132703,45.13023984058076,4.47635135135136,1.2914946073230515
2001-02-01,8.119,3716,132788,40.55953741213947,4.089635854341744,1.2721171446003599
2001-03-01,8.1813,3718,132751,35.11866422236536,3.5366193260930157,0.8715540561077262
2001-04-01,8.0418,3686,132458,26.260754882873826,2.1335550013854343,0.43523096054107757
2001-05-01,7.9237,3663,132408,18.425025034001408,1.327800829875514,0.2293630066992236
2001-06-01,7.8019,3642,132300,12.189755831008586,0.0,0.17945980327571665
2001-07-01,7.4679,3619,132172,2.20899199343052,-1.0661563696008791,-0.04235109054058217
2001-08-01,7.5992,3598,132021,2.5173353479210903,0.390625,-0.1610780888425034
2001-09-01,7.7622,3581,131763,2.940123333996425,-2.5843307943416716,-0.43374113059839736
2001-10-01,7.923,3557,131452,2.93219700414431,-3.237214363438523,-0.6800048355899424
2001-11-01,7.8071,3536,131144,-2.838759458383111,-4.043419267299864,-1.0652101753221288
2001-12-01,8.1924,3521,130983,-1.0651402072313632,-5.017534394388989,-1.3057958347147292
2002-01-01,8.3054,3495,130859,1.8205445696281686,-5.820533548908646,-1.3895691883378691
2002-02-01,8.6572,3471,130737,6.6288951841359856,-6.593110871905273,-1.5445672801759236
2002-03-01,8.8337,3454,130722,7.974282815689437,-7.100591715976334,-1.528425397925437
2002-04-01,9.0789,3435,130616,12.896366485115273,-6.809549647314162,-1.390629482552963
2002-05-01,9.2091,3417,130632,16.22221941769626,-6.715806715806716,-1.3413086822548492
2002-06-01,9.3702,3401,130674,20.101513733834064,-6.617243272926965,-1.2290249433106526
2002-07-01,9.5136,3381,130584,27.393243080384046,-6.576402321083174,-1.2014647580425475
2002-08-01,9.6704,3370,130581,27.25550057900834,-6.336853807670928,-1.0907355647965078
2002-09-01,9.761,3344,130502,25.750431578676135,-6.618263055012563,-0.9570213185795762
2002-10-01,9.873,3349,130617,24.611889435819755,-5.847624402586449,-0.6352128533609225
2002-11-01,9.9873,3328,130616,27.92586235606049,-5.882352941176472,-0.40261087049350275
2002-12-01,10.0899,3288,130465,23.161710853962212,-6.617438227776196,-0.39547116801417204
2003-01-01,10.4129,3264,130573,25.375057191706606,-6.609442060085835,-0.21855585018989432
2003-02-01,10.776,3235,130441,24.474425911380138,-6.799193316047248,-0.22640874427285462
2003-03-01,10.9388,3221,130235,23.830331571142338,-6.745801968731902,-0.37254631967075236
2003-04-01,11.1714,3208,130173,23.047946337111313,-6.6084425036390115,-0.339162124088932
2003-05-01,11.5326,3194,130197,25.230478548392355,-6.52619256657887,-0.33299650927797186
2003-06-01,11.9971,3182,130186,28.03462039230751,-6.439282563951776,-0.3734484289147022
2003-07-01,12.5721,3176,130184,32.14871342078709,-6.063294883170656,-0.3063162408870945
2003-08-01,12.961,3163,130153,34.02754798146921,-6.142433234421363,-0.3277659077507433
2003-09-01,13.4829,3162,130252,38.13031451695525,-5.4425837320574155,-0.19156794531884902
2003-10-01,14.0285,3155,130439,42.08953712144232,-5.792773962376829,-0.13627628869136155
2003-11-01,14.4245,3150,130480,44.428424098605234,-5.348557692307687,-0.10412200649231318
2003-12-01,14.5241,3150,130589,43.94691721424395,-4.197080291970801,0.09504464798988366
2004-01-01,14.7787,3141,130756,41.92684074561362,-3.7683823529411797,0.14015148614185957
2004-02-01,15.1371,3141,130821,40.470489977728285,-2.905718701700155,0.29131944710636404
2004-03-01,15.4862,3134,131140,41.57128752696821,-2.7010245265445487,0.6948976849541211
2004-04-01,15.6914,3130,131412,40.46046153570724,-2.431421446384041,0.9518102832384523
2004-05-01,16.0261,3135,131697,38.96346010439969,-1.8472135253600475,1.1521002788082768
2004-06-01,16.1199,3136,131794,34.36497153478759,-1.4456316781898182,1.2351558539320573
2004-07-01,16.0467,3124,131854,27.637387548619575,-1.6372795969773257,1.2827997296134708
2004-08-01,16.1569,3108,131939,24.657819612684207,-1.7388555169143172,1.3722311433466805
2004-09-01,16.4619,3096,132089,22.09465322742139,-2.0872865275142316,1.4103430273623374
2004-10-01,16.5854,3099,132429,18.22646754820545,-1.7749603803486558,1.5256173383727312
2004-11-01,16.6828,3088,132503,15.656001941141806,-1.9682539682539635,1.5504291845493512
2004-12-01,17.0073,3077,132630,17.097100680937196,-2.317460317460318,1.5629187757008722
2005-01-01,17.6704,3071,132781,19.56667365871152,-2.228589621139765,1.5486861023585874
2005-02-01,18.1825,3057,133034,20.11878100825126,-2.6743075453677156,1.6916244333860853
2005-03-01,18.4566,3062,133154,19.180948199041747,-2.297383535417996,1.5357633063901144
2005-04-01,19.0442,3066,133520,21.36711829409741,-2.0447284345047945,1.6041153014945353
2005-05-01,19.3043,3062,133689,20.455382157855006,-2.328548644338113,1.5125629285405173
2005-06-01,19.5147,3057,133948,21.059683993076874,-2.519132653061229,1.6343687876534618
2005-07-01,19.8457,3061,134300,23.674649616432042,-2.016645326504485,1.8550821363022774
2005-08-01,20.3867,3063,134502,26.179527013226544,-1.4478764478764505,1.942564366866506
2005-09-01,21.0523,3070,134552,27.884995049174144,-0.8397932816537446,1.8646518635162757
2005-10-01,21.5116,3055,134641,29.70202708406189,-1.4198128428525303,1.6703290064864929
2005-11-01,21.5232,3055,134997,29.014314143908692,-1.0686528497409364,1.882221534606754
2005-12-01,21.7009,3052,135159,27.59756104731497,-0.8124796880077945,1.9068084143858854
2006-01-01,21.8082,3054,135427,23.416561028612804,-0.5535656138065725,1.9927549875358608
2006-02-01,22.1027,3052,135733,21.56029148906915,-0.1635590448151758,2.028804666476236
2006-03-01,21.9577,3055,136038,18.96936597206418,-0.2286087524493774,2.1659131531910347
2006-04-01,21.8225,3047,136210,14.588693670513875,-0.6196999347684251,2.014679448771717
2006-05-01,21.9945,3039,136249,13.935755246240467,-0.7511430437622479,1.9148920255219304
2006-06-01,22.1243,3036,136337,13.372483307455397,-0.6869479882237517,1.7835279362140577
2006-07-01,22.1712,3031,136529,11.717903626478265,-0.9800718719372714,1.6597170513775072
2006-08-01,22.9459,3035,136692,12.553282286981226,-0.9141364675155028,1.6282285765267357
2006-09-01,23.5311,3028,136826,11.77448544814581,-1.3680781758957705,1.6900529163446087
2006-10-01,23.8685,3024,136843,10.95641421372655,-1.0147299509001617,1.6354602238545457
2006-11-01,24.1796,3024,137060,12.342030924769553,-1.0147299509001617,1.528182107750542
2006-12-01,24.4525,3034,137249,12.67965844734551,-0.5897771952817821,1.5463269186661632
2007-01-01,24.6575,3030,137472,13.065269027246629,-0.7858546168958758,1.5100386185915582
2007-02-01,25.0646,3034,137560,13.400625262976916,-0.5897771952817821,1.346024916564148
2007-03-01,26.0529,3030,137784,18.65040509707301,-0.8183306055646433,1.2834649142151378
2007-04-01,27.0673,3035,137847,24.03390995532133,-0.39382999671808694,1.2018207180089613
2007-05-01,27.624,3040,137992,25.595035122416967,0.032905561039808795,1.2792754442234378
2007-06-01,28.404,3038,138070,28.383722874848004,0.06587615283266679,1.2711149577884218
2007-07-01,29.4484,3037,138044,32.82276105939237,0.19795447047179504,1.1096543591471386
2007-08-01,29.9392,3028,138013,30.477340178419652,-0.23064250411861664,0.9664062271383944
2007-09-01,30.6273,3031,138099,30.156686257761024,0.09907529722588126,0.9303787291889076
2007-10-01,31.9479,3028,138175,33.84963445545384,0.1322751322751392,0.9733782509883548
2007-11-01,33.2623,3025,138290,37.563483266886145,0.03306878306879035,0.89741718955203
2007-12-01,34.4632,3026,138395,40.93937225232593,-0.2636783124588038,0.8349787612295989
2008-01-01,34.629,3026,138391,40.440028388928305,-0.13201320132013583,0.6684997672253168
2008-02-01,35.8672,3019,138329,43.09903210105088,-0.49439683586025573,0.5590287874382094
2008-03-01,36.9496,3021,138259,41.82528624452555,-0.2970297029702973,0.3447424955002054
2008-04-01,37.1894,3013,138040,37.396046151629456,-0.7248764415156539,0.14001030127606118
2008-05-01,37.4433,3008,137851,35.546264118158135,-1.0526315789473717,-0.1021798365122617
2008-06-01,37.5504,3001,137700,32.20109843683989,-1.2179065174456882,-0.2679800101397789
2008-07-01,36.5835,2987,137497,24.229160158107078,-1.646361540994401,-0.3962504708643566
2008-08-01,36.2134,2972,137211,20.956471782813168,-1.8494055482166427,-0.5811046785447749
2008-09-01,35.4506,2962,136760,15.748368285810365,-2.2764764104255986,-0.9695942765697074
2008-10-01,33.0694,2951,136291,3.5104028746803406,-2.5429326287978893,-1.3634883300162826
2008-11-01,29.6703,2931,135541,-10.7990126960553,-3.1074380165289295,-1.987851616168923
2008-12-01,26.4554,2911,134847,-23.235799345388706,-3.8003965631196346,-2.563676433397155
2009-01-01,25.7565,2891,134079,-25.621588841722254,-4.461335095836083,-3.1158095540894992
2009-02-01,26.4467,2878,133318,-26.264944015702362,-4.670420669095732,-3.6225231151819193
2009-03-01,27.437,2864,132494,-25.744798319873553,-5.196954650777885,-4.169710470927757
2009-04-01,28.1607,2832,131822,-24.277616740253947,-6.007301692665113,-4.504491451753112
2009-05-01,28.8107,2807,131466,-23.055126017204675,-6.682180851063835,-4.631812609266528
2009-06-01,29.5193,2795,131008,-21.387521837317315,-6.864378540486504,-4.859840232389256
2009-07-01,30.8125,2778,130662,-15.774871185097105,-6.99698694342149,-4.97101754947381
2009-08-01,31.7491,2767,130472,-12.327757128576721,-6.897711978465681,-4.911413807930853
2009-09-01,33.2342,2769,130246,-6.252080359711821,-6.515867656988517,-4.76308862240421
2009-10-01,34.4543,2764,130061,4.187859471293698,-6.336834971196204,-4.571101540087019
2009-11-01,35.6256,2752,130057,20.0715867382534,-6.10713067212555,-4.0460082189153095
2009-12-01,35.8859,2745,129808,35.64678666737224,-5.702507729302642,-3.7368276639450637
2010-01-01,37.7084,2739,129802,46.40343214334246,-5.257696298858527,-3.18991042594291
2010-02-01,39.7907,2737,129706,50.45620058457199,-4.899235580264072,-2.7093115708306414
2010-03-01,41.8052,2719,129866,52.367970259139106,-5.062849162011174,-1.9834860446510838
2010-04-01,43.3374,2714,130120,53.893191575493525,-4.1666666666666625,-1.2911350153995582
2010-05-01,44.5459,2708,130642,54.61581981694301,-3.526897043106525,-0.6267780262577349
2010-06-01,44.9888,2701,130510,52.40469794337941,-3.363148479427547,-0.3801294577430392
2010-07-01,45.9565,2703,130415,49.14888438133873,-2.699784017278617,-0.1890373635793141
2010-08-01,46.8431,2701,130415,47.54150511353079,-2.3852547885796938,-0.0436875344901555
2010-09-01,47.6073,2697,130341,43.247919312034,-2.600216684723722,0.07293890023494232
2010-10-01,48.4053,2695,130620,40.49131748431978,-2.496382054992763,0.4297983254011539
2010-11-01,50.1826,2689,130749,40.86106619958683,-2.289244186046513,0.5320743981485077
2010-12-01,52.5176,2682,130830,46.34605792247095,-2.2950819672131195,0.7873166522864627
2011-01-01,53.7716,2678,130837,42.59846612425879,-2.2270901788974062,0.7973682994098619
2011-02-01,54.1177,2672,131057,36.00590087633542,-2.3748629886737316,1.041586356837776
2011-03-01,53.7497,2672,131283,28.57180446451637,-1.7285766826038995,1.0911246977653999
2011-04-01,53.7194,2674,131597,23.95621333997886,-1.4738393515106862,1.135106055948354
2011-05-01,54.0203,2679,131703,21.268848536004413,-1.0709010339734149,0.8121431086480557
2011-06-01,54.2273,2685,131931,20.535110960950288,-0.5923731951129163,1.0888054555206583
2011-07-01,53.6659,2675,131992,16.77542893823507,-1.0358860525342184,1.2092167312042434
2011-08-01,55.0189,2632,132125,17.45358441264562,-2.5546094039244682,1.3111988651612227
2011-09-01,54.9714,2676,132344,15.468426060709174,-0.7786429365962189,1.53673824813374
2011-10-01,54.7035,2677,132553,13.011385116919016,-0.6679035250463872,1.4798652580003013
2011-11-01,55.2388,2676,132690,10.075603894577,-0.4834510970621042,1.4845237822086688
2011-12-01,55.9485,2679,132888,6.532857556323979,-0.11185682326622093,1.573033707865168
2012-01-01,56.5696,2665,133246,5.2034903183092895,-0.4854368932038833,1.8412222842162373
2012-02-01,57.7653,2676,133509,6.74012384118321,0.14970059880239361,1.8709416513425392
2012-03-01,58.3927,2678,133748,8.63818774802465,0.22455089820359042,1.8776231499889606
2012-04-01,59.087,2680,133825,9.991920981991619,0.2243829468960401,1.693047713853657
2012-05-01,59.9974,2685,133932,11.064544254659815,0.22396416573349232,1.6924443634541264
2012-06-01,61.0013,2674,134013,12.491862954637245,-0.4096834264432081,1.5780976419492054
2012-07-01,60.6111,2679,134157,12.941551338932179,0.14953271028037562,1.6402509242984475
2012-08-01,59.8824,2675,134339,8.839689633925785,1.6337386018236977,1.6756859035004679
2012-09-01,60.984,2670,134517,10.937687597550717,-0.22421524663677195,1.6419331439279539
2012-10-01,62.4098,2666,134669,14.087398429716558,-0.4109077325364252,1.5963425950374477
2012-11-01,62.1728,2674,134825,12.552770878440533,-0.07473841554559435,1.6090134900896835
2012-12-01,62.3427,2677,135074,11.428724630687137,-0.0746547219111604,1.6449942808981932
2013-01-01,62.7268,2662,135257,10.884291209412833,-0.11257035647279645,1.5092385512510686
2013-02-01,62.014,2698,135546,7.355107651133119,0.8221225710014934,1.52573983776374
2013-03-01,62.6561,2700,135689,7.301255122643768,0.821508588498876,1.4512366540060384
2013-04-01,63.8934,2696,135873,8.134445817184833,0.5970149253731405,1.5303568092658315
2013-05-01,64.9148,2710,136096,8.19602182761252,0.9310986964618184,1.6157453035869018
2013-06-01,65.7834,2705,136279,7.839341128795607,1.1593118922961887,1.690880735451028
2013-07-01,66.8912,2720,136391,10.361303457617499,1.5304217991787938,1.6652131457918662
2013-08-01,68.0148,2691,136646,13.580618011302148,0.5981308411215025,1.7172972852261825
2013-09-01,68.6801,2708,136821,12.619867506231142,1.4232209737827795,1.7127946653582748
2013-10-01,70.6466,2718,137041,13.1979272486052,1.9504876219054834,1.7613556200758884
2013-11-01,71.7685,2722,137317,15.43391965618406,1.7950635751682764,1.8483218987576544
2013-12-01,72.8464,2727,137372,16.84832386149462,1.8677624206201004,1.701289663443739
2014-01-01,74.522,2724,137561,18.80408374092095,2.3290758827948954,1.703423852369923
2014-02-01,76.7132,2718,137712,23.70303479859386,0.7412898443291294,1.5979814970563444
2014-03-01,78.497,2725,137985,25.282294940157456,0.92592592592593,1.6921047395146216
2014-04-01,80.0616,2721,138298,25.304961075791855,0.927299703264084,1.7847548813965997
2014-05-01,81.8774,2717,138513,26.130558824798044,0.25830258302583786,1.7759522689865914
2014-06-01,82.4052,2722,138849,25.267468692709706,0.628465804066547,1.8858371429200327
2014-07-01,82.7456,2725,139072,23.701772430454238,0.18382352941177516,1.965672221774173
2014-08-01,82.6163,2733,139269,21.46812164411276,1.5607580824972045,1.9195585673931204
2014-09-01,82.6105,2734,139563,20.28302230194774,0.9601181683899451,2.004078321310332
2014-10-01,82.3956,2727,139798,16.630665877763384,0.3311258278145601,2.011806685590445
2014-11-01,81.9877,2735,140089,14.239116046733603,0.4775900073475281,2.0186866884653654
2014-12-01,82.1515,2737,140364,12.773589360627291,0.3667033370003736,2.1780275456424913
2015-01-01,82.1504,2740,140568,10.236440245833434,0.5873715124816492,2.1859393287341655
2015-02-01,81.8215,2741,140827,6.65895830183072,0.8462104488594635,2.261967003601728
2015-03-01,81.026,2737,140923,3.221779176274242,0.4403669724770687,2.1292169438707154
2015-04-01,80.5543,2742,141196,0.61540114112133,0.7717750826901959,2.095474988792323
2015-05-01,79.9374,2747,141538,-2.3693961947985676,1.1041589988958433,2.183910535473199
2015-06-01,80.4261,2748,141709,-2.4016688267245123,0.9551800146950784,2.0597915721395132
2015-07-01,79.8745,2752,141991,-3.469791747234896,0.9908256880734045,2.09891279337322
2015-08-01,80.2585,2751,142125,-2.8539162368685034,0.658616904500553,2.0507076233763355
2015-09-01,80.721,2764,142275,-2.2872395155579484,1.097293343087058,1.9432084434986452
2015-10-01,81.048,2766,142579,-1.635524227021834,1.4301430143014215,1.98929884547705
2015-11-01,81.2548,2751,142808,-0.8939145749911281,0.5850091407678226,1.9409089935683799
2015-12-01,82.4698,2761,143077,0.3874548851816595,0.8768724881256906,1.9328317802285389
2016-01-01,81.6281,2762,143210,-0.635785096603303,0.8029197080291928,1.8795173866029247
2016-02-01,82.5464,2775,143406,0.8859529585744541,1.2404232032105167,1.831324958992231
2016-03-01,82.9313,2785,143662,2.3514674302075766,1.753744976251359,1.9436145980429087
2016-04-01,83.7862,2789,143854,4.012076326155145,1.7140773158278666,1.882489588940195
2016-05-01,84.7635,2751,143900,6.037349225769151,0.14561339643246463,1.6688097895971366
2016-06-01,86.0963,2801,144147,7.050198878224845,1.9286754002911133,1.7204270723807147
2016-07-01,88.2021,2799,144520,10.42585556091118,1.7078488372092915,1.7810988020367402
2016-08-01,89.4199,2803,144661,11.414865715157907,1.8902217375499797,1.7843447669305235
2016-09-01,91.3266,2817,144967,13.13858847140148,1.917510853835025,1.8921103496749359
2016-10-01,92.678,2814,145065,14.349521271345367,1.7353579175704903,1.743594779034785
2016-11-01,93.5939,2812,145183,15.1856874916928,2.2173754998182416,1.663072096801299
2016-12-01,94.1908,2817,145408,14.21247535461465,2.0282506338283213,1.6291926724770533
2017-01-01,95.0183,2821,145628,16.40390992807623,2.136133236784943,1.6884295789400205
2017-02-01,96.0273,2815,145846,16.331299729606606,1.441441441441449,1.701462979233792
2017-03-01,97.5229,2813,145970,17.594804374223028,1.005385996409336,1.6065487045982874
2017-04-01,101.0176,2804,146175,20.565916582921773,0.5378271782000787,1.613441405869831
2017-05-01,101.0408,2801,146380,19.203194771334363,1.817520901490366,1.7234190410006844
2017-06-01,100.548,2811,146583,16.785506461950163,0.3570153516601282,1.6899415180336774
2017-07-01,99.5657,2809,146772,12.883593474531786,0.35727045373348254,1.5582618322723452
2017-08-01,99.3714,2813,146919,11.128954516835732,0.3567606136282597,1.5608906339649176
2017-09-01,100.0478,2816,147008,9.549463135603432,-0.03549875754348397,1.407906627025457
2017-10-01,101.3948,2811,147149,9.405468395951576,-0.10660980810234255,1.436597387378069
2017-11-01,103.144,2815,147372,10.2037632794445,0.10668563300142431,1.507752285047137
2017-12-01,105.3014,2818,147523,11.795844180111015,0.035498757543495074,1.4545279489436513
2018-01-01,106.5123,2817,147660,12.096617177954139,-0.14179369018079147,1.3953360617463773
2018-02-01,106.2109,2819,148054,10.604900897973813,0.1420959147424572,1.5139256476008889
2018-03-01,105.5107,2826,148280,8.19069162217283,0.4621400639886142,1.5825169555388152
2018-04-01,106.0022,2838,148420,4.934387671059293,1.2125534950071293,1.5358303403454787
2018-05-01,106.3259,2841,148742,5.230659298026152,1.4280614066404906,1.6136084164503295
2018-06-01,107.3727,2838,148960,6.787504475474404,0.9605122732123883,1.621606871192438
2018-07-01,107.5357,2841,149020,8.004764693061972,1.1391954432182327,1.531627285858339
2018-08-01,107.8675,2840,149277,8.549844321404354,0.9598293636686739,1.6049660016743905
2018-09-01,106.6054,2838,149358,6.554466964790828,0.78125,1.5985524597300849
2018-10-01,105.2557,2850,149527,3.807788959591618,1.387406616862319,1.6160490387294502
2018-11-01,103.0036,2850,149617,-0.1361203753974971,1.243339253996445,1.5233558613576559
2018-12-01,102.4992,2851,149809,-2.6611232139363783,1.1710432931156811,1.5495888776665412
2019-01-01,103.7506,2842,150060,-2.5928460844428236,0.8874689385871548,1.6253555465258085
2019-02-01,104.7604,2843,150067,-1.3656790404751207,0.8513657325292634,1.3596390506166678
2019-03-01,105.3679,2849,150295,-0.13534172363560693,0.8138711960367973,1.358915565147023
2019-04-01,105.8286,2846,150591,-0.16377018590181258,0.28188865398168783,1.4627408705026212
2019-05-01,105.8115,2858,150618,-0.4837955756781809,0.5983808518127409,1.2612443022145703
2019-06-01,106.7633,2875,150838,-0.5675558126041258,1.3037350246652535,1.2607411385606948
2019-07-01,107.5196,2866,150937,-0.014971772164973363,0.8799718409010948,1.2864045094618248
2019-08-01,109.1758,2865,151169,1.2128769091709568,0.8802816901408494,1.267442405728958
2019-09-01,108.7369,2871,151365,1.999429672418107,1.1627906976744207,1.3437512553730047
2019-10-01,108.9746,2874,151460,3.533205327597444,0.8421052631578885,1.2927431166277703
2019-11-01,110.9638,2885,151667,7.728079406933341,1.2280701754386003,1.3701651550291682
2019-12-01,112.6269,2891,151794,9.88076004495646,1.4030164854436977,1.325020526136611
2020-01-01,110.9344,2901,152031,6.924104535299058,2.0760028149190646,1.3134746101559402
2020-02-01,108.6923,2910,152293,3.753231182775174,2.356665494196264,1.4833374426089785
2020-03-01,109.4757,2902,150895,3.8985307669603397,1.8603018603018606,0.39921487740777195
2020-04-01,107.5225,2643,130426,1.600607019274558,-7.132817990161633,-13.390574469921845
2020-05-01,107.1574,2609,133040,1.2719789436876017,-8.712386284114771,-11.67058386115869
2020-06-01,109.2417,2622,137671,2.321396959442046,-8.799999999999997,-8.72923268672351
2020-07-01,111.7799,2622,139255,3.962347330161209,-8.513607815771106,-7.739652967794508
2020-08-01,112.4082,2640,140821,2.9607293924111433,-7.853403141361259,-6.845318815365586
2020-09-01,115.8024,2695,141770,6.497794217050523,-6.130268199233713,-6.338981931093713
2020-10-01,119.86,2684,142460,9.98893320094776,-6.610995128740427,-5.9421629473128235
2020-11-01,121.1263,2696,142733,9.158392196373955,-6.551126516464468,-5.89053650431538
2020-12-01,121.0366,2712,142548,7.466866263743377,-6.191629194050496,-6.091149847820077
2021-01-01,120.3158,2747,142863,8.4567095508697,-5.308514305411927,-6.030349073544217
2021-02-01,119.1051,2764,143380,9.580071449403494,-5.017182130584197,-5.85253425961797
2021-03-01,119.6459,2770,144232,9.289915478960165,-4.548587181254304,-4.415653268829322
2021-04-01,121.9916,2796,144587,13.456811365063137,5.78887627695801,10.857497738181031
2021-05-01,123.9862,2816,145065,15.704748342158359,7.934074357991561,9.038634996993377
2021-06-01,121.2857,2824,145820,11.025093897293804,7.704042715484372,5.919184141903533
2021-07-01,117.7423,2881,146762,5.334053796791727,9.87795575896262,5.390829772719119
2021-08-01,117.8182,2903,147314,4.812816146864751,9.962121212121211,4.61081798879428
2021-09-01,118.1095,2917,147771,1.992273044427395,8.237476808905386,4.232912463849892
2021-10-01,119.9345,2938,148572,0.062155848489897636,9.463487332339792,4.290327109364034
2021-11-01,122.4168,2957,149230,1.0654168417593812,9.68100890207715,4.551855562483809
2021-12-01,124.7074,2967,149816,3.032801648427008,9.402654867256643,5.098633442770151
2022-01-01,125.773,2984,150006,4.535730136856508,8.627593738623961,4.999895004304822
2022-02-01,128.9521,2990,150825,8.26748812603324,8.176555716353118,5.192495466592262
2022-03-01,129.5542,3018,151315,8.281353560798998,8.953068592057756,4.910838094181602
2022-04-01,127.9384,3034,151623,4.874761868849986,8.512160228898423,4.8662742846867335
2022-05-01,128.77,3057,151924,3.8583326208884605,8.558238636363647,4.728225278323506
2022-06-01,131.2495,3076,152358,8.215148199664114,8.92351274787535,4.483609930050747
2022-07-01,131.7061,3094,153072,11.859629037312835,7.3932662270045135,4.299478066529483
2022-08-01,132.8333,3097,153362,12.744295872793842,6.68274199104375,4.105516108448626
2022-09-01,134.0567,3095,153582,13.50204682942524,6.102159753171077,3.932435998944306
2022-10-01,132.9257,3100,153939,10.831912418861966,5.513955071477206,3.61238995234634
2022-11-01,133.4489,3115,154242,9.011916665032915,5.3432532972607305,3.358574013268112
2022-12-01,130.8489,3092,154342,4.924727802840878,4.2130097741826855,3.0210391413467264
2023-01-01,130.0403,3061,154776,3.392858562648593,2.580428954423586,3.1798728050878022
2023-02-01,133.54,3048,155066,3.5578327146281286,1.9397993311036865,2.811868059008793
2023-03-01,133.5331,3049,155134,3.0712242443702964,1.0271703114645536,2.5238740376036795
2023-04-01,135.8398,3043,155375,6.175940921568501,0.29663810151614456,2.474558609181976
2023-05-01,136.0676,3034,155655,5.6671584996505375,-0.7523716061498154,2.4558331797477795
2023-06-01,135.4366,3021,155880,3.1901835816517288,-1.7880364109232771,2.311660693892015
2023-07-01,136.6894,3001,156043,3.783651630410456,-3.005817711700065,1.940916692798167
2023-08-01,135.6233,2981,156261,2.1003769386140236,-3.745560219567323,1.8902987702299034
2023-09-01,134.4233,2975,156417,0.2734663765406875,-3.8772213247172838,1.8459194436847959
2023-10-01,136.4045,2951,156576,2.6171011324371385,-4.806451612903229,1.71301619472648
2023-11-01,137.8263,2962,156703,3.280206880686154,-4.911717495987156,1.5955446635806059
2023-12-01,138.9374,2963,156857,6.1815575064062545,-4.172056921086675,1.6294981275349452
2024-01-01,139.4212,2963,157032,7.21384063248085,-3.2015681149951014,1.4575903240812593
2024-02-01,138.2248,2958,157238,3.5081623483600444,-2.952755905511806,1.400693898082106
2024-03-01,138.3547,2951,157466,3.610790133682218,-3.2141685798622532,1.5032165740585635
2024-04-01,143.8737,2940,157530,5.914246045709737,-3.3848176141965114,1.3869670152856006
2024-05-01,144.2792,2930,157608,6.034941455570619,-3.427818061964405,1.2546978895634497
2024-06-01,143.4192,2930,157695,5.8939754837318725,-3.0122476001324117,1.16435719784449
2024-07-01,143.4068,2917,157748,4.9143532709924775,-2.799066977674114,1.0926475394602786
2024-08-01,148.7946,2909,157757,9.711679335335454,-2.4152968802415242,0.9573726009688865
2024-09-01,146.4195,2903,157912,8.924196921218265,-2.420168067226891,0.9557784639776967
2024-10-01,148.7125,2887,157945,9.02316272556989,-2.1687563537783783,0.8743357858164824
2024-11-01,148.1992,2885,158079,7.5260672310001775,-2.599594868332211,0.8780942292106797
2024-12-01,150.2275,2895,158316,8.126033738935657,-2.2949713128585847,0.9301465666180064
2025-01-01,158.0732,2877,158268,13.378166304693995,-2.9024637192035074,0.787100718324929
2025-02-01,159.6876,2876,158310,15.527459616508764,-2.772143340094657,0.681769038018798
2025-03-01,159.2281,2867,158377,15.086874533355221,-2.8464927143341257,0.578537589066852
2025-04-01,162.2271,2865,158485,12.756605272541123,-2.5510204081632626,0.6062337332571666
2025-05-01,164.3526,2864,158498,13.91288557186343,-2.2525597269624553,0.5646921476067268
2025-06-01,163.1741,2863,158478,13.774236643350424,-2.286689419795218,0.496528108056693
2025-07-01,171.5555,2861,158542,19.628567125129347,-1.9197805965032622,0.503334432132263
2025-08-01,169.197,2860,158472,13.71178792778771,-1.6844276383636947,0.45322869983581704
2025-09-01,166.2381,2859,158548,13.535492198785004,-1.515673441267651,0.4027559653477786
2025-10-01,170.629,2853,158408,14.737496847944854,-1.1776931070315189,0.29314001709455084
2025-11-01,171.6989,2848,158449,15.856833235267143,-1.2824956672443655,0.23406018509732895
2025-12-01,171.4386,2846,158497,14.11931903280026,-1.6925734024179628,0.11432830541449057
2026-01-01,175.2145,2834,158627,10.843900167770348,-1.4946124435175512,0.22683043950766368
